{
  "t0": 425.86513897840814,
  "u_min": 0.1321964924353755,
  "tau": 52.335983071222685,
  "f_bl": 1.24,
  "t0_error": 0.24525506428528843,
  "u_min_error": 0.0022261499096443427,
  "tau_error": 1.5106369074280437,
  "f_bl_error": 0.020000000000000018,
  "chi2": 140.46565213797885
}