{
  "degrees_of_freedom": 497,
  "chi2": 0.06994853078724372,
  "chi2_reduced": 0.00014074151063831736,
  "acov": [
    [
      2.5194787674849822e-11,
      -2.1502858236631156e-08,
      4.585567104894448e-06
    ],
    [
      -2.1502858236631652e-08,
      1.835488115919251e-05,
      -0.003914881669949918
    ],
    [
      4.585567104894658e-06,
      -0.003914881669950008,
      0.8351343241830012
    ]
  ],
  "pvalue": 1.0,
  "a1": [
    -0.0004192100711242772,
    5.019440972344413e-06,
    1.1973569620793703
  ],
  "a2": [
    0.35891011662238065,
    0.0042842596979166085,
    1.193685967460259
  ],
  "a3": [
    -75.42866923933622,
    0.913856840092036,
    1.2115510578509023
  ],
  "t0": [
    428.079072217685,
    7.237638447929436,
    1.6907246622532819
  ],
  "f_max": [
    1.3922856272887003,
    2.246056125972583,
    161.32150486581494
  ],
  "u_min": [
    1.5639289840532302,
    1.7761085023429117,
    113.56708139904003
  ]
}