{
  "degrees_of_freedom": 97,
  "chi2": 0.009417346140216781,
  "chi2_reduced": 9.708604268264722e-05,
  "acov": [
    [
      6.664885843680861e-08,
      -4.430719598496593e-07,
      4.067249991003057e-07
    ],
    [
      -4.4307195984965935e-07,
      3.1419149941055165e-06,
      -3.3449495263305002e-06
    ],
    [
      4.067249991003058e-07,
      -3.3449495263305002e-06,
      5.545229170311978e-06
    ]
  ],
  "pvalue": 1.0,
  "a1": [
    -0.0007403526917632978,
    0.00025816440195505,
    34.870461717398484
  ],
  "a2": [
    0.004158416692059153,
    0.0017725447791538346,
    42.62547287621893
  ],
  "a3": [
    1.393132373004478,
    0.0023548310279746143,
    0.1690313909579248
  ],
  "t0": [
    427.6844124942967,
    1.5466319104366588,
    0.36162924466116325
  ],
  "f_max": [
    1.3989716269091308,
    0.005871278559089983,
    0.4196853207138952
  ],
  "u_min": [
    0.9273238840904756,
    0.006761616813587375,
    0.7291537433244488
  ]
}