{
  "degrees_of_freedom": 147,
  "chi2": 0.012989336959506277,
  "chi2_reduced": 8.836283645922638e-05,
  "acov": [
    [
      1.049983680775642e-08,
      -1.0653444470271916e-07,
      1.706793560886138e-07
    ],
    [
      -1.065344447027192e-07,
      1.143079317382637e-06,
      -2.0503769275223234e-06
    ],
    [
      1.7067935608861406e-07,
      -2.050376927522326e-06,
      4.996950820401599e-06
    ]
  ],
  "pvalue": 1.0,
  "a1": [
    -0.0005186195236105858,
    0.00010246871135988985,
    19.757974139984405
  ],
  "a2": [
    0.005403613197228652,
    0.0010691488752192732,
    19.785814346733904
  ],
  "a3": [
    1.3839005199531174,
    0.0022353860562331507,
    0.16152794395285575
  ],
  "t0": [
    428.1746222023459,
    1.4566955060169482,
    0.3402106127925877
  ],
  "f_max": [
    1.397975884577834,
    0.006614695055022939,
    0.4731623147433955
  ],
  "u_min": [
    1.5594921515239768,
    0.005085403195459415,
    0.3260935420861095
  ]
}