{
  "degrees_of_freedom": 47,
  "chi2": 1.1473364163768707,
  "chi2_reduced": 0.024411413114401502,
  "acov": [
    [
      2.546488937085886e-08,
      -1.164173567448218e-06,
      1.0010422737416814e-05
    ],
    [
      -1.164173567448218e-06,
      5.709052922769737e-05,
      -0.0005529693065130971
    ],
    [
      1.0010422737416814e-05,
      -0.0005529693065130971,
      0.006772481091544338
    ]
  ],
  "pvalue": 1.0,
  "a1": [
    -0.0012887418302335648,
    0.00015957722071416978,
    12.382404060342237
  ],
  "a2": [
    0.05855920564476069,
    0.007555827501187237,
    12.902885922024558
  ],
  "a3": [
    0.7705356186827972,
    0.08229508546410495,
    10.680244166361243
  ],
  "t0": [
    566.461295459438,
    4.062975338702693,
    0.7172555956197058
  ],
  "f_max": [
    1.4357543004423328,
    0.20742737889274487,
    14.447275472470453
  ],
  "u_min": [
    1.5329710486626729,
    0.13271128853944322,
    8.657129477769157
  ]
}