{
  "degrees_of_freedom": 114,
  "chi2": 3.6355612368319266,
  "chi2_reduced": 0.031890888042385324,
  "acov": [
    [
      2.0649958773663286e-10,
      -2.4903516294388406e-08,
      4.734589309029626e-07
    ],
    [
      -2.4903516294388392e-08,
      3.2084360386672177e-06,
      -7.024261707142285e-05
    ],
    [
      4.7345893090296236e-07,
      -7.024261707142283e-05,
      0.0022004345204410026
    ]
  ],
  "pvalue": 1.0,
  "a1": [
    -6.263878894338511e-05,
    1.4370093518715627e-05,
    22.9412058584079
  ],
  "a2": [
    0.009335397549857974,
    0.001791210774495067,
    19.18730043288106
  ],
  "a3": [
    0.8595362343501436,
    0.0469087893730056,
    5.457453391534006
  ],
  "t0": [
    558.4179946632178,
    22.286293669854608,
    3.9909698259805335
  ],
  "f_max": [
    1.2073624331159867,
    0.16243105363117719,
    13.453379795159906
  ],
  "u_min": [
    1.8173518777700426,
    0.3751280792620838,
    20.64146651238393
  ]
}