{
  "degrees_of_freedom": 89,
  "chi2": 2.944170218937058,
  "chi2_reduced": 0.033080564257719755,
  "acov": [
    [
      6.1470529802761e-10,
      -6.169628870721245e-08,
      1.0798768280497456e-06
    ],
    [
      -6.169628870721244e-08,
      6.675840876845936e-06,
      -0.00013470543249431298
    ],
    [
      1.079876828049745e-06,
      -0.00013470543249431295,
      0.0036893668461642952
    ]
  ],
  "pvalue": 1.0,
  "a1": [
    -0.00015269667952954604,
    2.479325105805227e-05,
    16.236928749491835
  ],
  "a2": [
    0.01658128926417815,
    0.0025837648648524376,
    15.582412342533255
  ],
  "a3": [
    0.8122354545409378,
    0.060740158430516916,
    7.4781466495877424
  ],
  "t0": [
    561.929158654671,
    12.218749183367734,
    2.174428750524524
  ],
  "f_max": [
    1.2623748329960374,
    0.16944398426247423,
    13.42263643361196
  ],
  "u_min": [
    1.1300392856119894,
    0.327870625068558,
    29.014090858885037
  ]
}