{
  "degrees_of_freedom": 17,
  "chi2": 0.037032273133929594,
  "chi2_reduced": 0.0021783690078782114,
  "acov": [
    [
      1.0268749795586934e-06,
      -0.0011684783578518043,
      0.3323900318742674
    ],
    [
      -0.0011684783578516328,
      1.329617767926586,
      -378.2310359539927
    ],
    [
      0.3323900318741699,
      -378.2310359539372,
      107594.61765756937
    ]
  ],
  "pvalue": 1.0,
  "a1": [
    -0.013362851949792103,
    0.0010133483998895413,
    7.583324306046111
  ],
  "a2": [
    15.190193440886121,
    1.15309052893803,
    7.591019386457296
  ],
  "a3": [
    -4315.177270178267,
    328.0161850542887,
    7.601453301146487
  ],
  "t0": [
    568.3739331229532,
    60.98585634808226,
    10.729882704682293
  ],
  "f_max": [
    1.677725269198163,
    802.6777130851386,
    47843.21532385116
  ],
  "u_min": [
    1.4407999587909626,
    160.89896771219594,
    11167.335668666537
  ]
}