{
  "degrees_of_freedom": 21,
  "chi2": 0.0034008154115255785,
  "chi2_reduced": 0.00016194359102502756,
  "acov": [
    [
      2.025646359374038e-08,
      -2.295664304729844e-05,
      0.0065038250395733814
    ],
    [
      -2.295664304729177e-05,
      0.026017131927374926,
      -7.370996015810705
    ],
    [
      0.0065038250395696015,
      -7.370996015808561,
      2088.330487721927
    ]
  ],
  "pvalue": 1.0,
  "a1": [
    -0.002638286451611563,
    0.00014232520364903885,
    5.394607684169449
  ],
  "a2": [
    2.9915539379074807,
    0.16129827006938086,
    5.391788796634738
  ],
  "a3": [
    -846.7954457157525,
    45.698254755755464,
    5.396610832871105
  ],
  "t0": [
    566.9501763313322,
    43.242051683766796,
    7.6271343565992025
  ],
  "f_max": [
    1.2355705849162177,
    111.99980761827828,
    9064.622368447921
  ],
  "u_min": [
    1.7582371135247823,
    212.94411281282777,
    12111.228410253116
  ]
}