{
  "degrees_of_freedom": 47,
  "chi2": 0.1534463536617226,
  "chi2_reduced": 0.0032648160353558,
  "acov": [
    [
      2.432625253808796e-09,
      -1.2175349260037722e-07,
      1.1411327185095154e-06
    ],
    [
      -1.2175349260037714e-07,
      6.532209668108662e-06,
      -6.934278704067712e-05
    ],
    [
      1.1411327185095145e-06,
      -6.93427870406771e-05,
      0.0009416954831287008
    ]
  ],
  "pvalue": 1.0,
  "a1": [
    -0.00041298550769149317,
    4.9321650963940735e-05,
    11.942707442602272
  ],
  "a2": [
    0.02186515426525329,
    0.0025558187862422216,
    11.689004135240728
  ],
  "a3": [
    0.8782377795582798,
    0.03068705725755894,
    3.494162739502434
  ],
  "t0": [
    564.2678799853137,
    4.423774123238507,
    0.7839847491148435
  ],
  "f_max": [
    1.167645617205976,
    0.08193828067444889,
    7.017392903038212
  ],
  "u_min": [
    1.924459919485469,
    0.25814751289645127,
    13.414023866263246
  ]
}