{
  "degrees_of_freedom": 117,
  "chi2": 0.558365654005261,
  "chi2_reduced": 0.004772356017138982,
  "acov": [
    [
      2.746901092016353e-11,
      -3.336177307987587e-09,
      6.224743331164785e-08
    ],
    [
      -3.336177307987587e-09,
      4.334310802083954e-07,
      -9.379116739008115e-06
    ],
    [
      6.224743331164784e-08,
      -9.379116739008113e-06,
      0.0002979782253847947
    ]
  ],
  "pvalue": 1.0,
  "a1": [
    -2.4166555304087034e-05,
    5.241088715158667e-06,
    21.687363586618808
  ],
  "a2": [
    0.0035960447224560057,
    0.00065835482849934,
    18.30774863249478
  ],
  "a3": [
    0.9452081846480095,
    0.017262045805315044,
    1.8262691844700158
  ],
  "t0": [
    556.2775881414509,
    21.116272688148943,
    3.79599558535144
  ],
  "f_max": [
    1.0789833284695693,
    0.05948924890965743,
    5.513453946877661
  ],
  "u_min": [
    2.3829626648154356,
    0.5179115497327489,
    21.733934709919676
  ]
}