{
  "degrees_of_freedom": 92,
  "chi2": 0.4372514541568658,
  "chi2_reduced": 0.004752733197357237,
  "acov": [
    [
      7.550134025064199e-11,
      -7.569330228284815e-09,
      1.2667800538515103e-07
    ],
    [
      -7.569330228284815e-09,
      8.202423590557762e-07,
      -1.6050901266785622e-05
    ],
    [
      1.2667800538515105e-07,
      -1.605090126678563e-05,
      0.00044549173708705427
    ]
  ],
  "pvalue": 1.0,
  "a1": [
    -5.8550768186708675e-05,
    8.689150720907193e-06,
    14.840370143733955
  ],
  "a2": [
    0.00636039910145912,
    0.0009056723243291561,
    14.239237347879452
  ],
  "a3": [
    0.9290970567353555,
    0.021106675178413446,
    2.2717406136854743
  ],
  "t0": [
    560.0351489581413,
    11.170898111946219,
    1.9946780363211032
  ],
  "f_max": [
    1.1018303870686088,
    0.05935016634008726,
    5.386506583648218
  ],
  "u_min": [
    1.6623152696874717,
    0.36057528428663826,
    21.691149137698122
  ]
}