{
  "t0": 425.86513897840814,
  "u_min": 0.1054826935196434,
  "tau": 55.778,
  "f_bl": 1.0,
  "t0_error": 0.24525506428531685,
  "u_min_error": 0.0022261499096443427,
  "tau_error": null,
  "f_bl_error": null,
  "chi2": 170.3272012999251
}