{
  "tau": 55.778,
  "f_bl": 1.0,
  "t0": 425.9148942009145,
  "u_min": 0.10477139820329394,
  "t0_error": 1.0165485583456189,
  "u_min_error": 0.010646429639955449,
  "iteration": 1
}