{
  "t0": 426.0527973055856,
  "t0_error": 4.782912582742711,
  "u_min": 0.10571113065813117,
  "u_min_error": 0.026818562804971482,
  "f_max": 9.499337405939793,
  "chi2": 0.06529333759994818
}