{
  "t0": 425.9148942009145,
  "u_min": 0.10595433482995566,
  "tau": 55.778,
  "f_bl": 1.0,
  "t0_error": 0.9530142734490141,
  "u_min_error": 0.00946349301329373,
  "tau_error": null,
  "f_bl_error": null,
  "chi2": 3.0009341806200647
}