{
  "t0": 425.92645274447943,
  "u_min": 0.1054826935196434,
  "tau": 55.778,
  "f_bl": 1.0,
  "t0_error": 0.15328441517829106,
  "u_min_error": 0.0013913436935277107,
  "tau_error": null,
  "f_bl_error": null,
  "chi2": 170.06562558412972
}