{
  "t0": 425.92645274447943,
  "u_min": 0.1054826935196434,
  "tau": 55.778,
  "f_bl": 1.0,
  "t0_error": 0.18394129821396632,
  "u_min_error": 0.001669612432233264,
  "tau_error": null,
  "f_bl_error": null,
  "chi2": 170.06562558412972
}