{
  "tau": 55.778,
  "f_bl": 1.0,
  "t0": 425.9784284858111,
  "u_min": 0.1053628665166248,
  "t0_error": 0.9530142734490141,
  "u_min_error": 0.00946349301329373,
  "iteration": 3
}