{
  "t0": 426.0527973055856,
  "t0_error": 6.8327322610610395,
  "u_min": 0.10461649544160173,
  "u_min_error": 0.04925858474382516,
  "f_max": 9.59790857828565,
  "chi2": 0.06529645081457756
}