{
  "degrees_of_freedom": 97,
  "chi2": 7.495628043266564,
  "chi2_reduced": 0.07727451590996458,
  "acov": [
    [
      4.769854260648369e-05,
      -0.00030880999162095663,
      0.00029794105092978965
    ],
    [
      -0.0003088099916209565,
      0.002187374192938591,
      -0.0024715759877639814
    ],
    [
      0.0002979410509297896,
      -0.0024715759877639814,
      0.004199450405284458
    ]
  ],
  "pvalue": 1.0,
  "a1": [
    -0.08362342547588231,
    0.006906413150578503,
    8.258945518287062
  ],
  "a2": [
    0.5517803600380811,
    0.046769372381277374,
    8.476085009268832
  ],
  "a3": [
    8.305336254467528,
    0.06480316663006877,
    0.7802593976277656
  ],
  "t0": [
    426.0527973055856,
    0.3904418434892016,
    0.09164165708062653
  ],
  "f_max": [
    9.215552393040934,
    0.1834653568247927,
    1.9908232192715374
  ],
  "u_min": [
    0.10899503630771952,
    0.002189270433058896,
    2.008596452849516
  ]
}