{
  "degrees_of_freedom": 297,
  "chi2": 2104.216513976865,
  "chi2_reduced": 7.084904087464191,
  "acov": [
    [
      6.247648385537557e-07,
      -1.181317273533901e-05,
      3.619731379621436e-05
    ],
    [
      -1.1813172735339013e-05,
      0.00023819942453428075,
      -0.0008245757358247213
    ],
    [
      3.6197313796214435e-05,
      -0.0008245757358247224,
      0.0038877376908820387
    ]
  ],
  "pvalue": 3.7368570389955176e-269,
  "a1": -0.043031044344720264,
  "a1_error": 0.0007904206718917185,
  "a1_percentage_error": 1.8368614657819706,
  "a2": 0.8436836149392468,
  "a2_error": 0.015433710653445617,
  "a2_percentage_error": 1.8293244505592288,
  "a3": 4.661274490589036,
  "a3_error": 0.06235172564478098,
  "a3_percentage_error": 1.337654020819137,
  "t0": 425.66075706132807,
  "t0_error": 0.25413713958640277,
  "t0_percentage_error": 0.05970415063416038,
  "f_max": 8.796672857955702,
  "f_max_error": 0.18041478438231773,
  "f_max_percentage_error": 2.0509434339046813,
  "u_min": 0.11423489121658767,
  "u_min_error": 0.0023658732533234322,
  "u_min_percentage_error": 2.0710601009264074,
  "tau": 88.07141973168673,
  "tau_error": 3.1715129173116345,
  "tau_percentage_error": 2.0710601009264074
}