{
  "degrees_of_freedom": 197,
  "chi2": 15.636121187833057,
  "chi2_reduced": 0.07937117354229978,
  "acov": [
    [
      2.6447763866686925e-06,
      -0.0022535610107912067,
      0.4800143279997456
    ],
    [
      -0.0022535610107909097,
      1.9202410759199418,
      -409.02203399667945
    ],
    [
      0.48001432799961913,
      -409.0220339966257,
      87125.18569081773
    ]
  ],
  "pvalue": 1.0,
  "a1": [
    -0.0635166708593128,
    0.0016262768481008062,
    2.5603937141210573
  ],
  "a2": [
    54.10696415111527,
    1.3857276341041704,
    2.56108923471288
  ],
  "a3": [
    -11513.708816285513,
    295.169757412269,
    2.563637504839166
  ],
  "t0": [
    425.927267748024,
    15.424680666121997,
    3.621435356246584
  ],
  "f_max": [
    9.106887226891558,
    722.8597705167822,
    7937.506554185309
  ],
  "u_min": [
    2.0968903171448376,
    53.06969261215797,
    2530.8759441656725
  ]
}