{
  "degrees_of_freedom": 297,
  "chi2": 113453.5160663349,
  "chi2_reduced": 381.9983705937202,
  "acov": [
    [
      5.776001765969289e-07,
      -1.0672037216090993e-05,
      3.056256878019223e-05
    ],
    [
      -1.0672037216091e-05,
      0.00021148075297197682,
      -0.0006947432996702981
    ],
    [
      3.0562568780192314e-05,
      -0.0006947432996702992,
      0.0032635064498565784
    ]
  ],
  "pvalue": 0.0,
  "a1": -0.042357210324498816,
  "a1_error": 0.0007600001161821812,
  "a1_percentage_error": 1.794263858171528,
  "a2": 0.8270096145798275,
  "a2_error": 0.014542377830739264,
  "a2_percentage_error": 1.7584291130796224,
  "a3": 4.748298808823451,
  "a3_error": 0.05712710783731816,
  "a3_percentage_error": 1.203106841784317,
  "t0": 425.61988391412285,
  "t0_error": 0.2452550642853077,
  "t0_percentage_error": 0.05762302785994667,
  "f_max": 8.785066677668976,
  "f_max_error": 0.16930562155760273,
  "f_max_percentage_error": 1.9271979117468256,
  "u_min": 0.11438729315822077,
  "u_min_error": 0.002226149909644343,
  "u_min_percentage_error": 1.9461514021187016,
  "tau": 88.5912688494958,
  "tau_error": 3.021273814856093,
  "tau_percentage_error": 1.9461514021187016
}