{
  "degrees_of_freedom": 147,
  "chi2": 11.415591324205334,
  "chi2_reduced": 0.07765708383813152,
  "acov": [
    [
      8.0862403550825e-06,
      -8.24989265073488e-05,
      0.00013628533422164113
    ],
    [
      -8.24989265073488e-05,
      0.0008986748688702414,
      -0.0016646553317181617
    ],
    [
      0.0001362853342216411,
      -0.0016646553317181615,
      0.004134154300002369
    ]
  ],
  "pvalue": 1.0,
  "a1": [
    -0.06884428169058954,
    0.002843631543481416,
    4.130526855173968
  ],
  "a2": [
    0.6918152506804028,
    0.029977906345678002,
    4.333224269947015
  ],
  "a3": [
    7.4060554638396265,
    0.06429738952712132,
    0.8681732109765581
  ],
  "t0": [
    425.9608832017738,
    0.3007908760525691,
    0.0706146709509209
  ],
  "f_max": [
    9.144065975827475,
    0.1788164942678912,
    1.9555468512650307
  ],
  "u_min": [
    2.0996158265517524,
    0.013089446263309847,
    0.62342101339591
  ]
}