{
  "degrees_of_freedom": 297,
  "chi2": 20.983492566243655,
  "chi2_reduced": 0.0706514901220325,
  "acov": [
    [
      2.3972308890197364e-09,
      -1.5647653601877008e-07,
      1.5712621756165775e-06
    ],
    [
      -1.564765360187701e-07,
      1.0789152283822298e-05,
      -0.00012098590782571302
    ],
    [
      1.5712621756165777e-06,
      -0.00012098590782571302,
      0.0018553630849712087
    ]
  ],
  "pvalue": 1.0,
  "a1": [
    -0.0003571901021403023,
    4.8961524578180124e-05,
    13.70741358307524
  ],
  "a2": [
    -0.01307772817497722,
    0.0032846845029351444,
    25.11662927220053
  ],
  "a3": [
    3.6393515659200983,
    0.043073925813317836,
    1.183560451171414
  ],
  "t0": [
    398.66046223507976,
    5.238119904871364,
    1.3139301237709848
  ],
  "f_max": [
    3.7590546128367053,
    0.0757647534057882,
    2.0155268068482153
  ],
  "u_min": [
    0.2734251232593814,
    0.005823811626158162,
    2.129947517892668
  ]
}