{
  "degrees_of_freedom": 397,
  "chi2": 63.18524388649747,
  "chi2_reduced": 0.15915678560830596,
  "acov": [
    [
      1.097012144186315e-09,
      -9.874853399449954e-07,
      0.00022146401953966561
    ],
    [
      -9.874853399450035e-07,
      0.0008894692250151602,
      -0.19961130036246344
    ],
    [
      0.00022146401953966925,
      -0.19961130036246508,
      44.82549730909416
    ]
  ],
  "pvalue": 1.0,
  "a1": [
    -0.00037677528252750056,
    3.3121173653515284e-05,
    8.790697051921867
  ],
  "a2": [
    0.31390546576683986,
    0.02982397064468714,
    9.500940218364832
  ],
  "a3": [
    -62.13902553421767,
    6.695184635922609,
    10.77452467006554
  ],
  "t0": [
    416.568549376548,
    53.92016376073414,
    12.94388734853677
  ],
  "f_max": [
    3.2425467237133816,
    15.238380131712669,
    469.95098082230857
  ],
  "u_min": [
    1.5266218394324762,
    1.8466211886977046,
    120.96127154739176
  ]
}