{
  "degrees_of_freedom": 147,
  "chi2": 11.07325748674723,
  "chi2_reduced": 0.07532828222277028,
  "acov": [
    [
      2.5958578932058342e-08,
      -1.003347189035112e-06,
      6.023879000527654e-06
    ],
    [
      -1.003347189035112e-06,
      4.2360546614937796e-05,
      -0.00029820077297502636
    ],
    [
      6.023879000527657e-06,
      -0.0002982007729750264,
      0.0030938218363644283
    ]
  ],
  "pvalue": 1.0,
  "a1": [
    -0.0002561662442125494,
    0.00016111666249043997,
    62.89535258078589
  ],
  "a2": [
    -0.03399879126757469,
    0.006508498030647148,
    19.14332182995702
  ],
  "a3": [
    3.5489511382776597,
    0.05562213441036246,
    1.5672837478781527
  ],
  "t0": [
    363.6782549385843,
    43.62833503268837,
    11.996410134572399
  ],
  "f_max": [
    4.67704454809575,
    0.8324995814113486,
    17.79969322187233
  ],
  "u_min": [
    1.6965008833039101,
    0.09315522070172123,
    5.491021055073242
  ]
}