{
  "degrees_of_freedom": 97,
  "chi2": 0.321537619422896,
  "chi2_reduced": 0.0033148208187927424,
  "acov": [
    [
      3.783798021329423e-09,
      -4.280909205329126e-06,
      0.0012104910018486746
    ],
    [
      -4.280909205329462e-06,
      0.004843699465506861,
      -1.369732540674446
    ],
    [
      0.001210491001848865,
      -1.3697325406745537,
      387.37122881592273
    ]
  ],
  "pvalue": 1.0,
  "a1": [
    -0.0013959402104088549,
    6.151258425175635e-05,
    4.406534305200652
  ],
  "a2": [
    1.5795598076325599,
    0.06959669148391223,
    4.406081437854739
  ],
  "a3": [
    -445.44142612245724,
    19.68174862190661,
    4.418481862640198
  ],
  "t0": [
    565.7691482251682,
    35.25568020151773,
    6.2314603601337515
  ],
  "f_max": [
    1.3916773450347932,
    48.22348232124199,
    3465.1338180716275
  ],
  "u_min": [
    1.5644107210026423,
    38.24891336008741,
    2444.9406314202065
  ]
}