{
  "degrees_of_freedom": 147,
  "chi2": 1.4090962110659855,
  "chi2_reduced": 0.009585688510652963,
  "acov": [
    [
      7.751523868451206e-10,
      -4.740927226258939e-08,
      5.187996986597404e-07
    ],
    [
      -4.74092722625894e-08,
      3.1408560822798305e-06,
      -3.88674344433421e-05
    ],
    [
      5.187996986597406e-07,
      -3.8867434443342106e-05,
      0.0006222708310877918
    ]
  ],
  "pvalue": 1.0,
  "a1": [
    -0.0004829623502858715,
    2.7841558628157306e-05,
    5.76474721304415
  ],
  "a2": [
    0.029412948031847717,
    0.0017722460557946886,
    6.025394169519282
  ],
  "a3": [
    0.8597674288131575,
    0.024945356904397895,
    2.9014075281768967
  ],
  "t0": [
    566.0992799808961,
    2.5392496359173946,
    0.44855199886547914
  ],
  "f_max": [
    1.3075877979434314,
    0.06481541911253152,
    4.95686937538519
  ],
  "u_min": [
    1.647839714628892,
    0.07982601155149115,
    4.844282538090707
  ]
}