{
  "degrees_of_freedom": 97,
  "chi2": 0.32153761942289394,
  "chi2_reduced": 0.003314820818792721,
  "acov": [
    [
      3.783797910439327e-09,
      -1.5125857009221118e-07,
      1.1700784506265903e-06
    ],
    [
      -1.5125857009221115e-07,
      6.415771874228319e-06,
      -5.3897320714045737e-05
    ],
    [
      1.1700784506265892e-06,
      -5.3897320714045716e-05,
      0.0005324171314487467
    ]
  ],
  "pvalue": 1.0,
  "a1": [
    -0.0013959401694717407,
    6.151258335039528e-05,
    4.40653436985578
  ],
  "a2": [
    0.056025690805296485,
    0.0025329374003769454,
    4.521028413874532
  ],
  "a3": [
    0.829533255782885,
    0.023074165888472473,
    2.7815841893759727
  ],
  "t0": [
    565.7691482260525,
    1.2669049921260715,
    0.22392613596877872
  ],
  "f_max": [
    1.3916773395437447,
    0.06107085873554739,
    4.3882915242098575
  ],
  "u_min": [
    1.5644107253579196,
    0.04843893339649133,
    3.0963053762885093
  ]
}