{
  "degrees_of_freedom": 97,
  "chi2": 356.465791183129,
  "chi2_reduced": 3.674905063743598,
  "acov": [
    [
      3.868417153696664e-05,
      -0.0002513816760402735,
      0.00023617597870880249
    ],
    [
      -0.0002513816760402735,
      0.0017820281632154528,
      -0.001953278415314816
    ],
    [
      0.00023617597870880265,
      -0.001953278415314817,
      0.0032552138044314913
    ]
  ],
  "pvalue": 2.498187879077732e-31,
  "a1": -0.07800988966565771,
  "a1_error": 0.006219660082107915,
  "a1_percentage_error": 7.97291229197315,
  "a2": 0.5129341708012262,
  "a2_error": 0.04221407541585452,
  "a2_percentage_error": 8.229920683567297,
  "a3": 7.863107299175051,
  "a3_error": 0.05705448101973667,
  "a3_percentage_error": 0.7255971316291522,
  "t0": 426.04122271680944,
  "t0_error": 0.37671469154385906,
  "t0_percentage_error": 0.08842212242787177,
  "f_max": 8.70627431525201,
  "f_max_error": 0.1644244374875045,
  "f_max_percentage_error": 1.888574050549487,
  "u_min": 0.11543282704289541,
  "u_min_error": 0.0022018690899743374,
  "u_min_percentage_error": 1.9074895299550378,
  "tau": 64.39215196280817,
  "tau_error": 3.7264509272415567,
  "tau_percentage_error": 1.9074895299550378
}