{
  "degrees_of_freedom": 97,
  "chi2": 0.9349317929454587,
  "chi2_reduced": 0.009638472092221224,
  "acov": [
    [
      2.368822592919229e-08,
      -7.141288243209648e-07,
      3.746905924201733e-06
    ],
    [
      -7.141288243209648e-07,
      2.293404123144059e-05,
      -0.00013507471297936348
    ],
    [
      3.7469059242017323e-06,
      -0.00013507471297936346,
      0.0010371547070569843
    ]
  ],
  "pvalue": 1.0,
  "a1": [
    -0.006740371201940505,
    0.0001539097980285605,
    2.2834024034796623
  ],
  "a2": [
    0.19750465883604007,
    0.004788949909055281,
    2.4247275670751964
  ],
  "a3": [
    1.8003743074965708,
    0.03220488638478615,
    1.7887883786548364
  ],
  "t0": [
    394.68909403339245,
    0.4879693555298076,
    0.12363385837271784
  ],
  "f_max": [
    3.2471822463052833,
    0.08397207963088697,
    2.585998359852832
  ],
  "u_min": [
    1.5271836554086686,
    0.010178554895952919,
    0.6664918695210351
  ]
}