{
  "degrees_of_freedom": 147,
  "chi2": 20.32227373911784,
  "chi2_reduced": 0.13824676013005333,
  "acov": [
    [
      1.870934039449272e-08,
      -1.2589700406291783e-06,
      1.684920523603117e-05
    ],
    [
      -1.258970040629179e-06,
      8.940983768911778e-05,
      -0.0013194557234760505
    ],
    [
      1.6849205236031208e-05,
      -0.0013194557234760525,
      0.023441031500173157
    ]
  ],
  "pvalue": 1.0,
  "a1": [
    -0.0019466740442122368,
    0.0001367820909128557,
    7.026450643831721
  ],
  "a2": [
    0.14843422302052092,
    0.009455677537285087,
    6.370281290169752
  ],
  "a3": [
    0.010211324058820696,
    0.1531046423207773,
    1499.3613114111604
  ],
  "t0": [
    392.1121240278013,
    3.6158882169746027,
    0.9221566984034982
  ],
  "f_max": [
    2.839744936685499,
    0.43923560413199664,
    15.4674315449142
  ],
  "u_min": [
    1.4789407414650297,
    0.04997211575153465,
    3.378912646765859
  ]
}