{
  "degrees_of_freedom": 97,
  "chi2": 0.9349317929454892,
  "chi2_reduced": 0.009638472092221538,
  "acov": [
    [
      2.368822618225261e-08,
      -1.871899145848065e-05,
      0.0036964111280767134
    ],
    [
      -1.871899145848107e-05,
      0.01479359092991168,
      -2.921546845834918
    ],
    [
      0.0036964111280768804,
      -2.9215468458349845,
      577.0238530230383
    ]
  ],
  "pvalue": 1.0,
  "a1": [
    -0.006740371273954897,
    0.00015390979885066645,
    2.283402391280447
  ],
  "a2": [
    5.320702063194633,
    0.1216289066378206,
    2.285955973351244
  ],
  "a3": [
    -1046.7643562306912,
    24.021320800968425,
    2.2948164654237124
  ],
  "t0": [
    394.6890940380443,
    12.752502471191532,
    3.2310247898469453
  ],
  "f_max": [
    3.2471822536301715,
    58.79123912475702,
    1810.530932134519
  ],
  "u_min": [
    1.5271836562965446,
    7.1262955223168785,
    466.629896996037
  ]
}